<?xml version="1.0" encoding="UTF-8" ?>
<!DOCTYPE configuration
        PUBLIC "-//mybatis.org//DTD Config 3.0//EN"
        "https://mybatis.org/dtd/mybatis-3-config.dtd">
<configuration>
    <environments default="development">
        <environment id="development">
            <transactionManager type="JDBC"/>
            <dataSource type="POOLED">
                <property name="driver" value="org.mariadb.jdbc.Driver"/>
                <property name="url" value="jdbc:mariadb://localhost:3307/kiosk"/>
                <property name="username" value="root"/>
                <property name="password" value="room1"/>
            </dataSource>

        </environment>
    </environments>
    <mappers>
        <mapper resource="org/zerock/w0930/dao/KioskMapper.xml"></mapper>
    </mappers>
</configuration>